'bxj/qj2pulunmhwd1wevww==');f.parentnode.insertbefore(j,f);
'event':
'https://www.googletagmanager.com/gtm.js?id='+i+dl;j.setattribute('nonce',
'onetrustcountryid':
'onetruststateid':
'region':
(function(w,d,s,l,i){w[l]=w[l]||[];w[l].push({'gtm.start':
<!--
<!doctype
</body>
</button></form>
</button><div
</h1>
</head>
</html>
</main>
</script><script
</span></label>
<body
<h1
<head
<html
<main
<noscript><iframe
<title>sign
bitbucket
by
cookie
datalayer.push({
document.head.appendchild(json);
document.head.appendchild(onetrustscript);
don&#39;t
github
gl.client
gl.duoevents
gl.ga4measurementid
gl.maskeddefaultreferrerurl
gl.onlysendduoevents
gl.snowplowpseudonymizedpageurl
gl.snowplowstandardcontext
google
height="0"
j=d.createelement(s),dl=l!='datalayer'?'&l='+l:'';j.async=true;j.src=
json.setattribute('src',
new
onetrustscript.charset
onetrustscript.dataset.domainscript
onetrustscript.defer
onetrustscript.nonce
onetrustscript.src
or
root.classlist.remove('gl-dark');
salesforce
window.datalayer
window.geofeed
window.gon={};
window.matchmedia('(prefers-color-scheme:
window.snowplowoptions
})
})(window,document,'script','datalayer','gtm-njxwql');
